{
  "success": true,
  "contents": [
    {
      "id": 1,
      "img-show": false,
      "p-content": "在闲下来的时候，你会拿起手机翻看朋友圈，长时间这样，你会发现有些人几分钟就发一条动态，有些人几个月也不发一条动态。"
    },
    {
      "id": 2,
      "img-show": false,
      "p-content": "你总是以为没有朋友圈的人是把你删除了，其实，他们早已没有发动态的习惯。不管遇到什么事情，不管开心还是难过，他们都会自己处理好，不会告诉任何人。"
    },
    {
      "id": 3,
      "img-show": false,
      "p-content": "没有本事的人，会觉得时间很多，浪费一点没什么，根本不会考虑未来，根本没有想过要对自己负责任。每一天都想晚一点上班，早一点下班，不想加班，不想把太多的时间花在工作上。"
    },
    {
      "id": 4,
      "img-show": false,
      "p-content": "越是有本事的人，越会努力，他们想让自己变得更强大，想让自己成为更优秀的人。大部分的时间都在工作，很少休息，根本没想过要偷懒。"
    },
    {
      "id": 5,
      "img-show": true,
      "img-url": "//upload-images.jianshu.io/upload_images/12887092-13998ac7a4153178.jpg?imageMogr2/auto-orient/strip%7CimageView2/2/w/1000/format/webp",
      "p-content": "时间是很宝贵的，不想浪费，想做更多有意义的事情。有目标，有追求，不会被别人的生活打扰，真正有本事的人，渐渐从朋友圈里消失了。"
    },
    {
      "id": 6,
      "img-show": false,
      "p-content": "很忙，根本抽不出时间"
    },
    {
      "id": 7,
      "img-show": false,
      "p-content": "没有本事的人是很没自信的，总是担心别人瞧不起自己，在背后说自己的坏话。这样的人，常把“我朋友有本事”挂在嘴边，他想让别人认为，他也是有一点本事的。"
    },
    {
      "id": 8,
      "img-show": false,
      "p-content": "他很羡慕有本事的人，他认为有本事的人活得很潇洒，想做什么就去做什么，根本不会被别人管着。实际上，真正有本事的人，根本没有那么多时间。"
    },
    {
      "id": 9,
      "img-show": false,
      "p-content": "拥有的越多，对自己的要求越高，不会让自己变成懒惰的人。除了努力的工作，就是在想怎样做，才能让自己进步的更快。"
    },
    {
      "id": 10,
      "img-show": true,
      "img-url": "//upload-images.jianshu.io/upload_images/12887092-70271eeb61c61e31.jpg?imageMogr2/auto-orient/strip%7CimageView2/2/w/1000/format/webp",
      "p-content": "明知道熬夜对自己的身体不好，可还是会凌晨两、三点钟睡。连拿起筷子的时间都是有限的，更别说拿起手机了，所以，他渐渐在朋友圈里消失了。"
    },
    {
      "id": 11,
      "img-show": false,
      "p-content": "低调，不想炫耀"
    },
    {
      "id": 12,
      "img-show": false,
      "p-content": "有一些人经常出现在朋友圈里，不管是出去吃饭，还是出去玩，都会发条动态。他想让别人了解他的生活，他想听到别人说“好羡慕你啊”。"
    },
    {
      "id": 13,
      "img-show": false,
      "p-content": "真正有本事的人，很少发动态，也很少看动态。在生活中，他也是很低调的，不会夸奖自己，也不会炫耀自己拥有了什么。"
    },
    {
      "id": 14,
      "img-show": true,
      "img-url": "http://upload-images.jianshu.io/upload_images/12887092-ed85a1e43b46e5e7.jpg?imageMogr2/auto-orient/strip%7CimageView2/2/w/1000/format/webp",
      "p-content": "他没有瞧不起任何人，他一直认为，他和别人是一样的。经历的事情越多，他懂得就越多，他知道怎样与人相处，他也知道怎样做，才能得到别人的认可。"
    },
    {
      "id": 15,
      "img-show": false,
      "p-content": "已经看淡了，不再抱怨了"
    },
    {
      "id": 16,
      "img-show": false,
      "p-content": "每一天都会遇到不同的人，每一天都会经历很多事情。没有本事的人是不会面对这些事情的，他会推给别人，他会选择逃避。"
    },
    {
      "id": 17,
      "img-show": false,
      "p-content": "当别人不愿帮助他或者是一件事一直缠着他的时候，他就有些接受不了了。这个时候，他会把自己想说的话发在朋友圈里，他没有想过别人看到是什么样的心情，也没有想过这样做是在打扰别人的生活。"
    },
    {
      "id": 18,
      "img-show": false,
      "p-content": "一个人之所以能爬到最高处，是因为战胜了很多困难。路很难走，他却一直坚持着，从来没有想过放弃，从来没有停下脚步。"
    },
    {
      "id": 19,
      "img-show": true,
      "img-url": "http://upload-images.jianshu.io/upload_images/12887092-436873c62a09f69f.jpg?imageMogr2/auto-orient/strip%7CimageView2/2/w/1000/format/webp",
      "p-content": "人的一生，要品尝酸甜苦辣，挺过去就会成功，挺不过去就会失败。一辈子看似很长，其实很短，要多努力，别做一些让自己后悔的事情。"
    },
    {
      "id": 20,
      "img-show": false,
      "p-content": "有自己的生活，不想被打扰"
    },
    {
      "id": 21,
      "img-show": false,
      "p-content": "古人云“近朱者赤，近墨者黑”，每一个人都想靠近优秀的人，都想离不务正业的人远一点"
    },
    {
      "id": 22,
      "img-show": false,
      "p-content": "一开始的时候，他是很喜欢翻看朋友圈的，后来，他直接把朋友圈忽略掉了。这不是因为他变了，而是成熟了，不像以前那么幼稚了。"
    },
    {
      "id": 23,
      "img-show": true,
      "img-url": "http://upload-images.jianshu.io/upload_images/12887092-ff81720b5e09333f.jpg?imageMogr2/auto-orient/strip%7CimageView2/2/w/1000/format/webp",
      "p-content": "他不想因为别人的趣事傻笑，也不想因为别人的烦心事影响自己的心情。他只想过好自己的生活，不想参与别人的事情，也不想被别人打扰。"
    },
    {
      "id": 24,
      "img-show": false,
      "p-content": "总结："
    },
    {
      "id": 25,
      "img-show": false,
      "p-content": "没本事的人，嘴巴是很快的，会把自己那点事都说出去，而有本事的人，不管遇到什么，都不会跟别人说。"
    },
    {
      "id": 26,
      "img-show": false,
      "p-content": "他会把每一件事都处理的很好，根本不需要别人的帮助，他觉得拥有的东西，没有什么好炫耀的，做人不能那么高调。"
    },
    {
      "id": 27,
      "img-show": false,
      "p-content": "真正有本事的人，慢慢从饭局里消失了，真正有本事的人，也慢慢从朋友圈里消失了。他们会用这些时间做一些有意义的事情，而不是抱怨，不是吃喝玩乐。"
    },
    {
      "id": 28,
      "img-show": false,
      "p-content": "-END-"
    }
  ]
}