{
  "success": true,
  "users":[
    {
      "id":10849033,
      "slug":"62eb2baf2c62",
      "nickname":"lostdays",
      "avatar_source":"http://upload.jianshu.io/users/upload_avatars/10849033/7278547c-f8ba-4a5a-a2ad-5dfd43abab81.jpg",
      "total_likes_count":2127,
      "total_wordage":229929,
      "is_following_user":false
    },
    {
      "id":4287007,
      "slug":"f666aefcc318",
      "nickname":"晖宗聊绘画",
      "avatar_source":"http://upload.jianshu.io/users/upload_avatars/4287007/b7b9c810-069e-4385-aec7-1823e94ee43d.jpg",
      "total_likes_count":2290,
      "total_wordage":157440,
      "is_following_user":false
    },
    {
      "id":6652326,
      "slug":"addcee2f9c78",
      "nickname":"没文化的野狐狸",
      "avatar_source":"http://upload.jianshu.io/users/upload_avatars/6652326/ba6106f4-20eb-4735-885d-561083bd4e55.jpg",
      "total_likes_count":5356,
      "total_wordage":275779,
      "is_following_user":false
    },
    {
      "id":12665193,
      "slug":"757b5f9f910b",
      "nickname":"宇文歡",
      "avatar_source":"http://upload.jianshu.io/users/upload_avatars/12665193/828a449f-efbb-4540-b0af-f6c314810515.jpg",
      "total_likes_count":2484,
      "total_wordage":283226,
      "is_following_user":false
    },
    {
      "id":5328453,
      "slug":"1272a0ff176b",
      "nickname":"骠姚校尉",
      "avatar_source":"http://upload.jianshu.io/users/upload_avatars/5328453/0005e217-848f-4e50-b39b-6964a5138ef7",
      "total_likes_count":1128,
      "total_wordage":151644,
      "is_following_user":false
    },
    {
      "id": 4263857,
      "slug": "40ec0e1adf50",
      "nickname": "王小麦",
      "avatar_source": "http://upload.jianshu.io/users/upload_avatars/4263857/34d7b217-7338-48fe-81a1-98367fecdbee.jpg",
      "total_likes_count": 39973,
      "total_wordage": 138691,
      "is_following_user": false
    },
    {
      "id": 11557689,
      "slug": "08e6960f7ed9",
      "nickname": "须僧",
      "avatar_source": "http://upload.jianshu.io/users/upload_avatars/11557689/ed2ea7f3-9d7d-41fc-a05a-daebb8097b0c.jpg",
      "total_likes_count": 8896,
      "total_wordage": 202030,
      "is_following_user": false
    },
    {
      "id": 2564926,
      "slug": "631131ed01af",
      "nickname": "王老师八卦美术史",
      "avatar_source": "http://upload.jianshu.io/users/upload_avatars/2564926/88bfdbeeb083.jpg",
      "total_likes_count": 1064,
      "total_wordage": 121358,
      "is_following_user": false
    },
    {
      "id": 2027472,
      "slug": "1d5d1429a10a",
      "nickname": "婠婠",
      "avatar_source": "http://upload.jianshu.io/users/upload_avatars/2027472/c6401dd5-ccd8-475f-9592-2b16be43ba7f.jpg",
      "total_likes_count": 781,
      "total_wordage": 20711,
      "is_following_user": false
    },
    {
      "id": 8723996,
      "slug": "9607c7976e1c",
      "nickname": "旸晓昆",
      "avatar_source": "http://upload.jianshu.io/users/upload_avatars/8723996/5b2500d0-9768-4d3e-831c-47526ec444ed.jpeg",
      "total_likes_count": 396,
      "total_wordage": 118143,
      "is_following_user": false
    },
    {
      "id": 9234143,
      "slug": "5ddd9dd5ced9",
      "nickname": "十七楼的安素",
      "avatar_source": "http://upload.jianshu.io/users/upload_avatars/9234143/0819f188-bedf-4878-bbc7-bf08c163314e",
      "total_likes_count": 466,
      "total_wordage": 112077,
      "is_following_user": false
    },
    {
      "id": 3678149,
      "slug": "b52ff888fd17",
      "nickname": "简宝玉",
      "avatar_source": "http://upload.jianshu.io/users/upload_avatars/3678149/b8a58e70-1126-48c9-97e2-8f21a31dfa94.png",
      "total_likes_count": 52152,
      "total_wordage": 74474,
      "is_following_user": false
    },
    {
      "id": 22609,
      "slug": "giJ1N4",
      "nickname": "途可小姐",
      "avatar_source": "http://upload.jianshu.io/users/upload_avatars/22609/cd56e2a2-4245-45ea-892e-23c4eb8274bf.jpg",
      "total_likes_count": 1475,
      "total_wordage": 88930,
      "is_following_user": false
    },
    {
      "id": 2998364,
      "slug": "92eb338437ee",
      "nickname": "道长是名思维贩子",
      "avatar_source": "http://upload.jianshu.io/users/upload_avatars/2998364/9f8351c3734b.jpg",
      "total_likes_count": 52244,
      "total_wordage": 190305,
      "is_following_user": false
    },
    {
      "id": 2844887,
      "slug": "28b0d7887971",
      "nickname": "红瑀",
      "avatar_source": "http://upload.jianshu.io/users/upload_avatars/2844887/cf3b6f90-774a-4ea7-9e59-b29f2f4b7ad6.jpg",
      "total_likes_count": 11142,
      "total_wordage": 279043,
      "is_following_user": false
    },
    {
      "id": 4090353,
      "slug": "4d4aed2774d4",
      "nickname": "_VQ_",
      "avatar_source": "http://upload.jianshu.io/users/upload_avatars/4090353/35908909-aa6f-4d21-887e-f1e5bb9a9673.jpg",
      "total_likes_count": 444,
      "total_wordage": 93091,
      "is_following_user": false
    },
    {
      "id": 5177982,
      "slug": "8c6092a2efc3",
      "nickname": "炎炎冬日",
      "avatar_source": "http://upload.jianshu.io/users/upload_avatars/5177982/ee1b7f9a-5f8b-4087-b087-9d37ced42866.jpg",
      "total_likes_count": 4064,
      "total_wordage": 464617,
      "is_following_user": false
    },
    {
      "id": 13605498,
      "slug": "256b29910bd3",
      "nickname": "纪文欣",
      "avatar_source": "http://upload.jianshu.io/users/upload_avatars/13605498/c1bdc227-60e0-4ce5-bd61-a8563334afc6.jpg",
      "total_likes_count": 558,
      "total_wordage": 134491,
      "is_following_user": false
    },
    {
      "id": 3590719,
      "slug": "afcdab33c8a4",
      "nickname": "荭樺",
      "avatar_source": "http://upload.jianshu.io/users/upload_avatars/3590719/049559b9-2f89-4e74-bf1c-08147fe2e084.jpg",
      "total_likes_count": 285,
      "total_wordage": 135293,
      "is_following_user": false
    },
    {
      "id": 13151209,
      "slug": "6e0018723322",
      "nickname": "造箭师",
      "avatar_source": "http://upload.jianshu.io/users/upload_avatars/13151209/d6b21bae-c98e-406f-9565-3b3bee9af3f2",
      "total_likes_count": 404,
      "total_wordage": 69804,
      "is_following_user": false
    }
  ]
}