{
    "success": true,
    "data": [
        {
            "id": 5,
            "title": "炒土豆丝，先焯水会变软，直接炒会太黏，土豆丝跟我学这么炒",
            "imgUrl": "http://upload-images.jianshu.io/upload_images/15598475-ea4955da01692933.jpg",
            "desc": "炒土豆丝，先焯水会变软，直接炒会太黏，土豆丝跟我学这么炒！ 很多朋友在家里炒土豆丝的时候都会遇到一个常见的问题，那就是不管怎么炒菜都没有人家饭店..."
        },
        {
            "id": 6,
            "title": "谁能想到他演了今年第一烂片",
            "imgUrl": "http://upload-images.jianshu.io/upload_images/1211570-1100e31baba18037",
            "desc": "气死我了。 今天被骗了几十块，买了“假货”。 受骗的还远不止肉叔一个。 短短五天，全国已经有数百万人被坑，累计金额高达六千万…… 票房。 嗯，我..." 
        },
        {
            "id": 7,
            "title": "写给被我们割掉的子宫、扁桃体、胆囊、脾、卵巢、阑尾的祭文，割掉后果……",
            "imgUrl": "http://upload-images.jianshu.io/upload_images/16091689-0899450579b3457b.jpg",
            "desc": "亲爱的扁桃体，今年是你五周年的祭日，对不起，我不应该割掉你 今天，我替女儿给你写这篇祭文，女儿现在十岁，五岁的时候割掉了你，刽子手就是我。原以为..."
        },
        {
            "id": 8,
            "title": "12个见所未见的微信小程序，功能都非常好用，对你绝对有用！",
            "imgUrl": "http://upload-images.jianshu.io/upload_images/1211570-1100e31baba18037",
            "desc": "一提到手机微信，今天就不得不为大家分享几个非常好用的微信小程序，这几款无论是从功能上还是提它方面都不比普通的APP差，并且用起来还非常的方便。 ..." 
        },
        {
            "id": 9,
            "title": "俞丰：王羲之《敬豫帖》，美得无法形容",
            "imgUrl": "http://upload-images.jianshu.io/upload_images/16091689-0899450579b3457b.jpg",
            "desc": "王羲之书《敬豫帖》，草书十字。《淳化阁帖》《大观帖》《澄清堂帖》《玉烟堂帖》均收刻。《法书要录》卷十《右军书记》著录此帖。 左：《敬豫帖》安思远..." 
        },
        {
            "id": 10,
            "title": "大一第二学期小计划",
            "imgUrl": "http://upload-images.jianshu.io/upload_images/1211570-1100e31baba18037",
            "desc": "一.生活篇 1.​培养衣品，精不再多 2.​找到自己喜欢的香水味 3.​买一套健身衣， 鞋：万斯，回力 4.睡前抹唇膏 5.买一双旱冰鞋 6.爬..."
        },
        {
            "id": 11,
            "title": "不要在晚上和喜欢的人聊天",
            "imgUrl": "http://upload-images.jianshu.io/upload_images/15598475-ea4955da01692933.jpg",
            "desc": "有些人一直关注着对方的朋友圈，有些人因为种种原因没有告白，以朋友的名义喜欢了对方好几年。 还有些人在十七八岁的时候就开始喜欢了，可有的输给了距离..." 
        }
    ]
}