

{
    "success": true,
    "data": {
        "topicList": [
            {
                "id": 1,
                "title": "社会热点",
                "imgUrl": "https://upload.jianshu.io/users/upload_avatars/4790772/388e473c-fe2f-40e0-9301-e357ae8f1b41.jpeg?imageMogr2/auto-orient/strip|imageView2/1/w/96/h/96"
            },
            {
                "id": 2,
                "title": "手绘",
                "imgUrl": "https://timgsa.baidu.com/timg?image&quality=80&size=b9999_10000&sec=1557401255977&di=84223730c6ad4c35b487e5419f3aa73b&imgtype=0&src=http%3A%2F%2Fimg.zcool.cn%2Fcommunity%2F01ea8b57f784f9a84a0d304fa0d887.png%401280w_1l_2o_100sh.png"
            },
            {
                "id": 3,
                "title": "前端工具",
                "imgUrl": "https://timgsa.baidu.com/timg?image&quality=80&size=b9999_10000&sec=1557401255977&di=77e9c1f5a6a0d1397a6e23f449b390a6&imgtype=0&src=http%3A%2F%2Fpic.qiantucdn.com%2F58pic%2F14%2F70%2F20%2F10P58PICF7b_1024.jpg"
            },
            {
                "id": 4,
                "title": "We Chat",
                "imgUrl": "https://timgsa.baidu.com/timg?image&quality=80&size=b9999_10000&sec=1557401255977&di=f03da0ce74adeccdf47cd8387b1d5cef&imgtype=0&src=http%3A%2F%2Fbpic.588ku.com%2Felement_origin_min_pic%2F01%2F30%2F58%2F16573b1a8442ae3.jpg"
            },
            {
                "id": 5,
                "title": "Photoshop",
                "imgUrl": "https://timgsa.baidu.com/timg?image&quality=80&size=b9999_10000&sec=1557401255977&di=7cc11f8fe31074bdac2eb3abaaae937d&imgtype=0&src=http%3A%2F%2Fku.90sjimg.com%2Felement_origin_min_pic%2F00%2F11%2F92%2F9856a98d34cc109.jpg"
            },
            {
                "id": 6,
                "title": "给自己点赞",
                "imgUrl": "https://timgsa.baidu.com/timg?image&quality=80&size=b9999_10000&sec=1557401255976&di=93ab266e49269eda6cc5a10a40d86225&imgtype=0&src=http%3A%2F%2Fbpic.588ku.com%2Fart_origin_min_pic%2F19%2F03%2F14%2Fa089dc278af94685ecf22824f3b92c37.jpg"
            },
            {
                "id": 7,
                "title": "回家",
                "imgUrl": "https://timgsa.baidu.com/timg?image&quality=80&size=b9999_10000&sec=1557401255975&di=d61a13e290289dc703795edbb61e1d06&imgtype=0&src=http%3A%2F%2Fbpic.588ku.com%2Felement_origin_min_pic%2F01%2F39%2F41%2F24573cbce3d795d.jpg"
            },
            {
                "id": 8,
                "title": "寻找你的位置",
                "imgUrl": "https://timgsa.baidu.com/timg?image&quality=80&size=b9999_10000&sec=1557401255975&di=6047088c3e07cc006bbe1e75329331ab&imgtype=0&src=http%3A%2F%2Fku.90sjimg.com%2Felement_origin_min_pic%2F17%2F09%2F27%2F0639ec794377d9f8ce28eac1993775ac.jpg"
            }
        ],
        "articleList": [
            {
                "id": 1,
                "title": "24岁，我终于找到了至今单身的原因",
                "imgUrl": "https://ss1.bdstatic.com/70cFvXSh_Q1YnxGkpoWK1HF6hhy/it/u=2716660601,3546746604&fm=26&gp=0.jpg",
                "desc": "距离上次脱单已经整整四年没有谈恋爱了，以至于现在见到男生我基本上没啥感觉了，突然感觉很可怕，我才这么年轻，难道已经对爱情没有任何期待了？不，我是..."
            },
            {
                "id": 2,
                "title": "买卖二手书，可推荐方式",
                "imgUrl": "https://timgsa.baidu.com/timg?image&quality=80&size=b10000_10000&sec=1557391067&di=2621e2ae0d42e16bdbede84540d1fa74&src=http://pic16.photophoto.cn/20100923/0035035846229363_b.jpg",
                "desc": "文/弋兮姑娘 我是一个很喜欢买书的人，特别是以前，什么乱七八糟的书都买过，言情小说，杂志，名著，基本上都不落下。 但是，就现在而言，书架太满，一... " 
            },
            {
                "id": 3,
                "title": "girl体重自查表",
                "imgUrl": "https://timgsa.baidu.com/timg?image&quality=80&size=b9999_10000&sec=1557400982841&di=f8d402b10b7edfc992b7fbed8f1cd736&imgtype=0&src=http%3A%2F%2Fpic25.nipic.com%2F20121114%2F11295670_192336692359_2.jpg",
                "desc": "相信小可爱过年吃是吃的挺爽的，但是吃完上称以后内心是不是奔溃的呢！ 别担心，小九给小可爱们准备了体重自查表，快来看看体重有没有合格吧！ 原来，1... "
            },
            {
                "id": 4,
                "title": "可折叠屏模拟器来啦，快来试一下吧",
                "imgUrl": "https://timgsa.baidu.com/timg?image&quality=80&size=b10000_10000&sec=1557391020&di=bfbe4aaac0cbc0ccee6c7063f3d04a8a&src=http://pic25.photophoto.cn/20121119/0035035871608058_b.jpg",
                "desc": "本篇文章主要介绍 Android 开发中的部分知识点，通过阅读本篇文章，您将收获以下内容: 1.Beta 2中有什么新功能？2.用于测试和反馈的..." 
            }
        ],
        "recommendList": [
            {
                "id": 1,
                "imgUrl": "https://cdn2.jianshu.io/assets/web/banner-s-club-aa8bdf19f8cf729a759da42e4a96f366.png"
            },
            {
                "id": 2,
                "imgUrl": "https://cdn2.jianshu.io/assets/web/banner-s-7-1a0222c91694a1f38e610be4bf9669be.png"
            },
            {
                "id": 3,
                "imgUrl": "https://cdn2.jianshu.io/assets/web/banner-s-5-4ba25cf5041931a0ed2062828b4064cb.png"
            },
            {
                "id": 4,
                "imgUrl": "https://cdn2.jianshu.io/assets/web/banner-s-6-c4d6335bfd688f2ca1115b42b04c28a7.png"
            }
        ]
    }
}